product_id,image_ids,primary_image,category,product_type,suggested_name,description_draft,detected_colors,detected_pattern,fabric,dimensions,blouse_included,price_inr,availability,featured,new_arrival,ai_confidence,manual_review_required,review_notes
"PWT-003","pwt-img-003.webp","pwt-img-003.webp","sarees","folded saree-like textile","Unverified green and teal folded saree-like textile","Photograph shows a folded saree-like textile with green and teal visible and a small repeating motif.","green and teal","small repeating motif","NEEDS_REVIEW","NEEDS_REVIEW","NEEDS_REVIEW","NEEDS_REVIEW","NEEDS_REVIEW","false","false","MEDIUM","YES","Exact product type, fiber, and commercial details need owner review."
"PWT-004","pwt-img-004.webp","pwt-img-004.webp","sarees","folded saree-like textile","Unverified red and maroon folded saree-like textile","Photograph shows a folded saree-like textile with red and maroon visible and a repeating diamond motif.","red and maroon","repeating diamond motif","NEEDS_REVIEW","NEEDS_REVIEW","NEEDS_REVIEW","NEEDS_REVIEW","NEEDS_REVIEW","false","false","MEDIUM","YES","Exact product type, fiber, and commercial details need owner review."
"PWT-005","pwt-img-005.webp","pwt-img-005.webp","sarees","folded saree-like textile","Unverified cream, black, and brown folded saree-like textile","Photograph shows a folded saree-like textile with cream, black, and brown visible and a wide geometric border.","cream, black, and brown","wide geometric border","NEEDS_REVIEW","NEEDS_REVIEW","NEEDS_REVIEW","NEEDS_REVIEW","NEEDS_REVIEW","false","false","MEDIUM","YES","Exact product type, fiber, and commercial details need owner review."
"PWT-006","pwt-img-006.webp","pwt-img-006.webp","handbags","handbag","Unverified dark brown and black handbag","Photograph shows a handbag with dark brown and black visible and a patterned textile or plain surface.","dark brown and black","patterned textile or plain surface","NEEDS_REVIEW","NEEDS_REVIEW","NEEDS_REVIEW","NEEDS_REVIEW","NEEDS_REVIEW","false","false","HIGH","YES","Bag structure and handles are visible; material and product details need owner review."
"PWT-007","pwt-img-007.webp","pwt-img-007.webp","sarees","folded saree-like textile","Unverified orange, red, and green folded saree-like textile","Photograph shows a folded saree-like textile with orange, red, and green visible and a small repeating motif.","orange, red, and green","small repeating motif","NEEDS_REVIEW","NEEDS_REVIEW","NEEDS_REVIEW","NEEDS_REVIEW","NEEDS_REVIEW","false","false","MEDIUM","YES","Exact product type, fiber, and commercial details need owner review."
"PWT-008","pwt-img-008.webp","pwt-img-008.webp","handbags","handbag","Unverified gray and black handbag","Photograph shows a handbag with gray and black visible and a patterned textile or plain surface.","gray and black","patterned textile or plain surface","NEEDS_REVIEW","NEEDS_REVIEW","NEEDS_REVIEW","NEEDS_REVIEW","NEEDS_REVIEW","false","false","MEDIUM","YES","Bag structure and handles are visible; material and product details need owner review."
"PWT-009","pwt-img-009.webp","pwt-img-009.webp","textiles","scarf or stole","Unverified red, gray, and blue scarf or stole","Photograph shows a scarf or stole with red, gray, and blue visible and a striped with fringe.","red, gray, and blue","striped with fringe","NEEDS_REVIEW","NEEDS_REVIEW","NEEDS_REVIEW","NEEDS_REVIEW","NEEDS_REVIEW","false","false","HIGH","YES","Narrow textile form and/or fringe are visible; material and dimensions need owner review."
"PWT-010","pwt-img-010.webp","pwt-img-010.webp","handbags","handbag","Unverified orange and black handbag","Photograph shows a handbag with orange and black visible and a patterned textile or plain surface.","orange and black","patterned textile or plain surface","NEEDS_REVIEW","NEEDS_REVIEW","NEEDS_REVIEW","NEEDS_REVIEW","NEEDS_REVIEW","false","false","MEDIUM","YES","Bag structure and handles are visible; material and product details need owner review."
"PWT-011","pwt-img-011.webp","pwt-img-011.webp","handbags","handbag","Unverified teal and black handbag","Photograph shows a handbag with teal and black visible and a patterned textile or plain surface.","teal and black","patterned textile or plain surface","NEEDS_REVIEW","NEEDS_REVIEW","NEEDS_REVIEW","NEEDS_REVIEW","NEEDS_REVIEW","false","false","HIGH","YES","Bag structure and handles are visible; material and product details need owner review."
"PWT-012","pwt-img-012.webp","pwt-img-012.webp","sarees","folded saree-like textile","Unverified cream, red, and mustard folded saree-like textile","Photograph shows a folded saree-like textile with cream, red, and mustard visible and a color-blocked geometric pattern.","cream, red, and mustard","color-blocked geometric pattern","NEEDS_REVIEW","NEEDS_REVIEW","NEEDS_REVIEW","NEEDS_REVIEW","NEEDS_REVIEW","false","false","MEDIUM","YES","Exact product type, fiber, and commercial details need owner review."
"PWT-013","pwt-img-013.webp","pwt-img-013.webp","sarees","folded saree-like textile","Unverified maroon and green folded saree-like textile","Photograph shows a folded saree-like textile with maroon and green visible and a bordered woven motif.","maroon and green","bordered woven motif","NEEDS_REVIEW","NEEDS_REVIEW","NEEDS_REVIEW","NEEDS_REVIEW","NEEDS_REVIEW","false","false","MEDIUM","YES","Exact product type, fiber, and commercial details need owner review."
"PWT-014","pwt-img-014.webp","pwt-img-014.webp","sarees","folded saree-like textile","Unverified cream, gray, and brown folded saree-like textile","Photograph shows a folded saree-like textile with cream, gray, and brown visible and a zigzag geometric pattern.","cream, gray, and brown","zigzag geometric pattern","NEEDS_REVIEW","NEEDS_REVIEW","NEEDS_REVIEW","NEEDS_REVIEW","NEEDS_REVIEW","false","false","MEDIUM","YES","Exact product type, fiber, and commercial details need owner review."
"PWT-015","pwt-img-015.webp","pwt-img-015.webp","handbags","handbag","Unverified gray and black handbag","Photograph shows a handbag with gray and black visible and a patterned textile or plain surface.","gray and black","patterned textile or plain surface","NEEDS_REVIEW","NEEDS_REVIEW","NEEDS_REVIEW","NEEDS_REVIEW","NEEDS_REVIEW","false","false","MEDIUM","YES","Bag structure and handles are visible; material and product details need owner review."
"PWT-016","pwt-img-016.webp","pwt-img-016.webp","other","assorted small textile pieces","Unverified red, orange, gray, black, and cream assorted small textile pieces","Photograph shows a assorted small textile pieces with red, orange, gray, black, and cream visible and a mixed visible patterns.","red, orange, gray, black, and cream","mixed visible patterns","NEEDS_REVIEW","NEEDS_REVIEW","NEEDS_REVIEW","NEEDS_REVIEW","NEEDS_REVIEW","false","false","HIGH","YES","The photograph shows several separate small pieces; it is not treated as one product."
"PWT-017","pwt-img-018.webp","pwt-img-018.webp","handbags","handbag","Unverified navy blue and black handbag","Photograph shows a handbag with navy blue and black visible and a patterned textile or plain surface.","navy blue and black","patterned textile or plain surface","NEEDS_REVIEW","NEEDS_REVIEW","NEEDS_REVIEW","NEEDS_REVIEW","NEEDS_REVIEW","false","false","MEDIUM","YES","Bag structure and handles are visible; material and product details need owner review."
"PWT-018","pwt-img-019.webp","pwt-img-019.webp","sarees","folded saree-like textile","Unverified maroon and red folded saree-like textile","Photograph shows a folded saree-like textile with maroon and red visible and a small repeating motif.","maroon and red","small repeating motif","NEEDS_REVIEW","NEEDS_REVIEW","NEEDS_REVIEW","NEEDS_REVIEW","NEEDS_REVIEW","false","false","MEDIUM","YES","Exact product type, fiber, and commercial details need owner review."
"PWT-019","pwt-img-020.webp","pwt-img-020.webp","textiles","scarf or stole","Unverified green, gray, and red scarf or stole","Photograph shows a scarf or stole with green, gray, and red visible and a striped with fringe.","green, gray, and red","striped with fringe","NEEDS_REVIEW","NEEDS_REVIEW","NEEDS_REVIEW","NEEDS_REVIEW","NEEDS_REVIEW","false","false","HIGH","YES","Narrow textile form and/or fringe are visible; material and dimensions need owner review."
"PWT-020","pwt-img-021.webp","pwt-img-021.webp","sarees","folded saree-like textile","Unverified navy blue and red folded saree-like textile","Photograph shows a folded saree-like textile with navy blue and red visible and a small repeating motif.","navy blue and red","small repeating motif","NEEDS_REVIEW","NEEDS_REVIEW","NEEDS_REVIEW","NEEDS_REVIEW","NEEDS_REVIEW","false","false","MEDIUM","YES","Exact product type, fiber, and commercial details need owner review."
"PWT-021","pwt-img-022.webp","pwt-img-022.webp","sarees","folded saree-like textile","Unverified purple, maroon, and red folded saree-like textile","Photograph shows a folded saree-like textile with purple, maroon, and red visible and a zigzag geometric pattern.","purple, maroon, and red","zigzag geometric pattern","NEEDS_REVIEW","NEEDS_REVIEW","NEEDS_REVIEW","NEEDS_REVIEW","NEEDS_REVIEW","false","false","MEDIUM","YES","Exact product type, fiber, and commercial details need owner review."
"PWT-022","pwt-img-023.webp","pwt-img-023.webp","sarees","folded saree-like textile","Unverified gray, black, and red folded saree-like textile","Photograph shows a folded saree-like textile with gray, black, and red visible and a repeating geometric motif.","gray, black, and red","repeating geometric motif","NEEDS_REVIEW","NEEDS_REVIEW","NEEDS_REVIEW","NEEDS_REVIEW","NEEDS_REVIEW","false","false","MEDIUM","YES","Exact product type, fiber, and commercial details need owner review."
"PWT-023","pwt-img-024.webp","pwt-img-024.webp","handbags","handbag","Unverified black and gray handbag","Photograph shows a handbag with black and gray visible and a patterned textile or plain surface.","black and gray","patterned textile or plain surface","NEEDS_REVIEW","NEEDS_REVIEW","NEEDS_REVIEW","NEEDS_REVIEW","NEEDS_REVIEW","false","false","MEDIUM","YES","Bag structure and handles are visible; material and product details need owner review."
"PWT-024","pwt-img-025.webp,pwt-img-040.webp","pwt-img-025.webp","sarees","saree-like textile, repeated views","Unverified navy blue and purple saree-like textile, repeated views","Photograph shows a saree-like textile, repeated views with navy blue and purple visible and a small repeating motif with contrasting border.","navy blue and purple","small repeating motif with contrasting border","NEEDS_REVIEW","NEEDS_REVIEW","NEEDS_REVIEW","NEEDS_REVIEW","NEEDS_REVIEW","false","false","HIGH","YES","The two photographs show the same apparent textile pattern and color arrangement; owner should confirm the grouping."
"PWT-025","pwt-img-026.webp","pwt-img-026.webp","handbags","handbag","Unverified orange, olive, and black handbag","Photograph shows a handbag with orange, olive, and black visible and a patterned textile or plain surface.","orange, olive, and black","patterned textile or plain surface","NEEDS_REVIEW","NEEDS_REVIEW","NEEDS_REVIEW","NEEDS_REVIEW","NEEDS_REVIEW","false","false","MEDIUM","YES","Bag structure and handles are visible; material and product details need owner review."
"PWT-026","pwt-img-027.webp","pwt-img-027.webp","textiles","scarf or stole","Unverified navy blue, cream, and black scarf or stole","Photograph shows a scarf or stole with navy blue, cream, and black visible and a striped with fringe.","navy blue, cream, and black","striped with fringe","NEEDS_REVIEW","NEEDS_REVIEW","NEEDS_REVIEW","NEEDS_REVIEW","NEEDS_REVIEW","false","false","HIGH","YES","Narrow textile form and/or fringe are visible; material and dimensions need owner review."
"PWT-027","pwt-img-028.webp","pwt-img-028.webp","sarees","folded saree-like textile","Unverified purple, gold, and tan folded saree-like textile","Photograph shows a folded saree-like textile with purple, gold, and tan visible and a zigzag geometric pattern with broad border.","purple, gold, and tan","zigzag geometric pattern with broad border","NEEDS_REVIEW","NEEDS_REVIEW","NEEDS_REVIEW","NEEDS_REVIEW","NEEDS_REVIEW","false","false","MEDIUM","YES","Exact product type, fiber, and commercial details need owner review."
"PWT-028","pwt-img-029.webp","pwt-img-029.webp","sarees","folded saree-like textile","Unverified green, black, and red folded saree-like textile","Photograph shows a folded saree-like textile with green, black, and red visible and a repeating diamond motif.","green, black, and red","repeating diamond motif","NEEDS_REVIEW","NEEDS_REVIEW","NEEDS_REVIEW","NEEDS_REVIEW","NEEDS_REVIEW","false","false","MEDIUM","YES","Exact product type, fiber, and commercial details need owner review."
"PWT-029","pwt-img-030.webp","pwt-img-030.webp","sarees","folded saree-like textile","Unverified maroon and red folded saree-like textile","Photograph shows a folded saree-like textile with maroon and red visible and a small repeating motif.","maroon and red","small repeating motif","NEEDS_REVIEW","NEEDS_REVIEW","NEEDS_REVIEW","NEEDS_REVIEW","NEEDS_REVIEW","false","false","MEDIUM","YES","Exact product type, fiber, and commercial details need owner review."
"PWT-030","pwt-img-031.webp","pwt-img-031.webp","textiles","scarf or stole","Unverified navy blue and red scarf or stole","Photograph shows a scarf or stole with navy blue and red visible and a striped with fringe.","navy blue and red","striped with fringe","NEEDS_REVIEW","NEEDS_REVIEW","NEEDS_REVIEW","NEEDS_REVIEW","NEEDS_REVIEW","false","false","HIGH","YES","Narrow textile form and/or fringe are visible; material and dimensions need owner review."
"PWT-031","pwt-img-032.webp","pwt-img-032.webp","sarees","folded saree-like textile","Unverified purple and magenta folded saree-like textile","Photograph shows a folded saree-like textile with purple and magenta visible and a small repeating motif.","purple and magenta","small repeating motif","NEEDS_REVIEW","NEEDS_REVIEW","NEEDS_REVIEW","NEEDS_REVIEW","NEEDS_REVIEW","false","false","MEDIUM","YES","Exact product type, fiber, and commercial details need owner review."
"PWT-032","pwt-img-033.webp","pwt-img-033.webp","handbags","handbag","Unverified brown and orange handbag","Photograph shows a handbag with brown and orange visible and a patterned textile or plain surface.","brown and orange","patterned textile or plain surface","NEEDS_REVIEW","NEEDS_REVIEW","NEEDS_REVIEW","NEEDS_REVIEW","NEEDS_REVIEW","false","false","MEDIUM","YES","Bag structure and handles are visible; material and product details need owner review."
"PWT-033","pwt-img-034.webp","pwt-img-034.webp","handbags","handbag","Unverified maroon and black handbag","Photograph shows a handbag with maroon and black visible and a patterned textile or plain surface.","maroon and black","patterned textile or plain surface","NEEDS_REVIEW","NEEDS_REVIEW","NEEDS_REVIEW","NEEDS_REVIEW","NEEDS_REVIEW","false","false","MEDIUM","YES","Bag structure and handles are visible; material and product details need owner review."
"PWT-034","pwt-img-035.webp","pwt-img-035.webp","handbags","handbag","Unverified teal and black handbag","Photograph shows a handbag with teal and black visible and a patterned textile or plain surface.","teal and black","patterned textile or plain surface","NEEDS_REVIEW","NEEDS_REVIEW","NEEDS_REVIEW","NEEDS_REVIEW","NEEDS_REVIEW","false","false","MEDIUM","YES","Bag structure and handles are visible; material and product details need owner review."
"PWT-035","pwt-img-036.webp","pwt-img-036.webp","handbags","handbag","Unverified olive and black handbag","Photograph shows a handbag with olive and black visible and a patterned textile or plain surface.","olive and black","patterned textile or plain surface","NEEDS_REVIEW","NEEDS_REVIEW","NEEDS_REVIEW","NEEDS_REVIEW","NEEDS_REVIEW","false","false","MEDIUM","YES","Bag structure and handles are visible; material and product details need owner review."
"PWT-036","pwt-img-037.webp","pwt-img-037.webp","handbags","assorted small handbags","Unverified blue, black, and tan assorted small handbags","Photograph shows a assorted small handbags with blue, black, and tan visible and a mixed patterned surfaces.","blue, black, and tan","mixed patterned surfaces","NEEDS_REVIEW","NEEDS_REVIEW","NEEDS_REVIEW","NEEDS_REVIEW","NEEDS_REVIEW","false","false","HIGH","YES","The photograph shows multiple separate bags; it is not treated as one product."
"PWT-037","pwt-img-038.webp","pwt-img-038.webp","home-textiles","small rectangular textile item","Unverified green, red, and black small rectangular textile item","Photograph shows a small rectangular textile item with green, red, and black visible and a bordered geometric pattern.","green, red, and black","bordered geometric pattern","NEEDS_REVIEW","NEEDS_REVIEW","NEEDS_REVIEW","NEEDS_REVIEW","NEEDS_REVIEW","false","false","LOW","YES","The photograph does not make the intended product type or use certain."
"PWT-038","pwt-img-039.webp","pwt-img-039.webp","sarees","folded saree-like textile","Unverified magenta and red folded saree-like textile","Photograph shows a folded saree-like textile with magenta and red visible and a small repeating motif.","magenta and red","small repeating motif","NEEDS_REVIEW","NEEDS_REVIEW","NEEDS_REVIEW","NEEDS_REVIEW","NEEDS_REVIEW","false","false","MEDIUM","YES","Exact product type, fiber, and commercial details need owner review."
"PWT-039","pwt-img-041.webp","pwt-img-041.webp","textiles","scarf or stole","Unverified red and gray scarf or stole","Photograph shows a scarf or stole with red and gray visible and a striped with fringe.","red and gray","striped with fringe","NEEDS_REVIEW","NEEDS_REVIEW","NEEDS_REVIEW","NEEDS_REVIEW","NEEDS_REVIEW","false","false","HIGH","YES","Narrow textile form and fringe are visible; material and dimensions need owner review."
"PWT-040","pwt-img-042.webp","pwt-img-042.webp","handbags","handbag","Unverified navy blue and black handbag","Photograph shows a handbag with navy blue and black visible and a patterned textile or plain surface.","navy blue and black","patterned textile or plain surface","NEEDS_REVIEW","NEEDS_REVIEW","NEEDS_REVIEW","NEEDS_REVIEW","NEEDS_REVIEW","false","false","MEDIUM","YES","Bag structure and handles are visible; material and product details need owner review."
"PWT-041","pwt-img-043.webp","pwt-img-043.webp","handbags","handbag","Unverified black and brown handbag","Photograph shows a handbag with black and brown visible and a patterned textile or plain surface.","black and brown","patterned textile or plain surface","NEEDS_REVIEW","NEEDS_REVIEW","NEEDS_REVIEW","NEEDS_REVIEW","NEEDS_REVIEW","false","false","MEDIUM","YES","Bag structure and handles are visible; material and product details need owner review."
"PWT-042","pwt-img-044.webp","pwt-img-044.webp","handbags","assorted small handbags","Unverified red, blue, black, and gray assorted small handbags","Photograph shows a assorted small handbags with red, blue, black, and gray visible and a mixed patterned surfaces.","red, blue, black, and gray","mixed patterned surfaces","NEEDS_REVIEW","NEEDS_REVIEW","NEEDS_REVIEW","NEEDS_REVIEW","NEEDS_REVIEW","false","false","HIGH","YES","The photograph shows multiple separate bags; it is not treated as one product."
"PWT-043","pwt-img-045.webp","pwt-img-045.webp","sarees","folded saree-like textile","Unverified cream, black, and brown folded saree-like textile","Photograph shows a folded saree-like textile with cream, black, and brown visible and a wide geometric border.","cream, black, and brown","wide geometric border","NEEDS_REVIEW","NEEDS_REVIEW","NEEDS_REVIEW","NEEDS_REVIEW","NEEDS_REVIEW","false","false","MEDIUM","YES","Exact product type, fiber, and commercial details need owner review."
"PWT-044","pwt-img-046.webp","pwt-img-046.webp","sarees","folded saree-like textile","Unverified green and blue folded saree-like textile","Photograph shows a folded saree-like textile with green and blue visible and a bordered woven motif.","green and blue","bordered woven motif","NEEDS_REVIEW","NEEDS_REVIEW","NEEDS_REVIEW","NEEDS_REVIEW","NEEDS_REVIEW","false","false","MEDIUM","YES","Exact product type, fiber, and commercial details need owner review."
"PWT-045","pwt-img-047.webp","pwt-img-047.webp","sarees","folded saree-like textile","Unverified red and dark teal folded saree-like textile","Photograph shows a folded saree-like textile with red and dark teal visible and a repeating motif with border.","red and dark teal","repeating motif with border","NEEDS_REVIEW","NEEDS_REVIEW","NEEDS_REVIEW","NEEDS_REVIEW","NEEDS_REVIEW","false","false","MEDIUM","YES","Exact product type, fiber, and commercial details need owner review."
"PWT-046","pwt-img-048.webp,pwt-img-049.webp,pwt-img-058.webp","pwt-img-048.webp","sarees","saree-like textile, repeated views","Unverified cream, blue, brown, and red saree-like textile, repeated views","Photograph shows a saree-like textile, repeated views with cream, blue, brown, and red visible and a geometric patterned border.","cream, blue, brown, and red","geometric patterned border","NEEDS_REVIEW","NEEDS_REVIEW","NEEDS_REVIEW","NEEDS_REVIEW","NEEDS_REVIEW","false","false","HIGH","YES","The three photographs show the same apparent textile colors, border, and folded arrangement; owner should confirm the grouping."
"PWT-047","pwt-img-050.webp","pwt-img-050.webp","sarees","folded saree-like textile","Unverified dark green, black, and red folded saree-like textile","Photograph shows a folded saree-like textile with dark green, black, and red visible and a small repeating motif.","dark green, black, and red","small repeating motif","NEEDS_REVIEW","NEEDS_REVIEW","NEEDS_REVIEW","NEEDS_REVIEW","NEEDS_REVIEW","false","false","MEDIUM","YES","Exact product type, fiber, and commercial details need owner review."
"PWT-048","pwt-img-051.webp","pwt-img-051.webp","sarees","folded saree-like textile","Unverified mustard, black, and cream folded saree-like textile","Photograph shows a folded saree-like textile with mustard, black, and cream visible and a large geometric motif.","mustard, black, and cream","large geometric motif","NEEDS_REVIEW","NEEDS_REVIEW","NEEDS_REVIEW","NEEDS_REVIEW","NEEDS_REVIEW","false","false","MEDIUM","YES","Exact product type, fiber, and commercial details need owner review."
"PWT-049","pwt-img-052.webp","pwt-img-052.webp","other","assorted textile pieces with small accessory","Unverified navy blue, cream, gray, and brown assorted textile pieces with small accessory","Photograph shows a assorted textile pieces with small accessory with navy blue, cream, gray, and brown visible and a mixed geometric patterns.","navy blue, cream, gray, and brown","mixed geometric patterns","NEEDS_REVIEW","NEEDS_REVIEW","NEEDS_REVIEW","NEEDS_REVIEW","NEEDS_REVIEW","false","false","HIGH","YES","The photograph shows several separate textile pieces and an accessory; it is not treated as one product."
"PWT-050","pwt-img-053.webp","pwt-img-053.webp","sarees","folded saree-like textile","Unverified gray, red, and black folded saree-like textile","Photograph shows a folded saree-like textile with gray, red, and black visible and a repeating geometric motif.","gray, red, and black","repeating geometric motif","NEEDS_REVIEW","NEEDS_REVIEW","NEEDS_REVIEW","NEEDS_REVIEW","NEEDS_REVIEW","false","false","MEDIUM","YES","Exact product type, fiber, and commercial details need owner review."
"PWT-051","pwt-img-054.webp","pwt-img-054.webp","sarees","folded saree-like textile","Unverified olive, black, and lime folded saree-like textile","Photograph shows a folded saree-like textile with olive, black, and lime visible and a bordered geometric motif.","olive, black, and lime","bordered geometric motif","NEEDS_REVIEW","NEEDS_REVIEW","NEEDS_REVIEW","NEEDS_REVIEW","NEEDS_REVIEW","false","false","MEDIUM","YES","Exact product type, fiber, and commercial details need owner review."
"PWT-052","pwt-img-055.webp","pwt-img-055.webp","sarees","folded saree-like textile","Unverified red and green folded saree-like textile","Photograph shows a folded saree-like textile with red and green visible and a bordered woven motif.","red and green","bordered woven motif","NEEDS_REVIEW","NEEDS_REVIEW","NEEDS_REVIEW","NEEDS_REVIEW","NEEDS_REVIEW","false","false","MEDIUM","YES","Exact product type, fiber, and commercial details need owner review."
"PWT-053","pwt-img-056.webp","pwt-img-056.webp","handbags","handbag","Unverified black and maroon handbag","Photograph shows a handbag with black and maroon visible and a patterned textile or plain surface.","black and maroon","patterned textile or plain surface","NEEDS_REVIEW","NEEDS_REVIEW","NEEDS_REVIEW","NEEDS_REVIEW","NEEDS_REVIEW","false","false","MEDIUM","YES","Bag structure and handles are visible; material and product details need owner review."
"PWT-054","pwt-img-057.webp","pwt-img-057.webp","textiles","scarf or stole","Unverified navy blue and cream scarf or stole","Photograph shows a scarf or stole with navy blue and cream visible and a small repeating motif with fringe.","navy blue and cream","small repeating motif with fringe","NEEDS_REVIEW","NEEDS_REVIEW","NEEDS_REVIEW","NEEDS_REVIEW","NEEDS_REVIEW","false","false","HIGH","YES","Narrow textile form and/or fringe are visible; material and dimensions need owner review."
"PWT-055","pwt-img-059.webp","pwt-img-059.webp","handbags","handbag","Unverified orange and black handbag","Photograph shows a handbag with orange and black visible and a patterned textile or plain surface.","orange and black","patterned textile or plain surface","NEEDS_REVIEW","NEEDS_REVIEW","NEEDS_REVIEW","NEEDS_REVIEW","NEEDS_REVIEW","false","false","MEDIUM","YES","Bag structure and handles are visible; material and product details need owner review."
"PWT-056","pwt-img-060.webp","pwt-img-060.webp","sarees","folded saree-like textile","Unverified cream, blue, and multicolor folded saree-like textile","Photograph shows a folded saree-like textile with cream, blue, and multicolor visible and a multicolor striped border.","cream, blue, and multicolor","multicolor striped border","NEEDS_REVIEW","NEEDS_REVIEW","NEEDS_REVIEW","NEEDS_REVIEW","NEEDS_REVIEW","false","false","MEDIUM","YES","Exact product type, fiber, and commercial details need owner review."
"PWT-057","pwt-img-061.webp","pwt-img-061.webp","handbags","handbag","Unverified maroon and black handbag","Photograph shows a handbag with maroon and black visible and a patterned textile or plain surface.","maroon and black","patterned textile or plain surface","NEEDS_REVIEW","NEEDS_REVIEW","NEEDS_REVIEW","NEEDS_REVIEW","NEEDS_REVIEW","false","false","MEDIUM","YES","Bag structure and handles are visible; material and product details need owner review."
"PWT-058","pwt-img-062.webp","pwt-img-062.webp","sarees","folded saree-like textile","Unverified cream, navy blue, and mustard folded saree-like textile","Photograph shows a folded saree-like textile with cream, navy blue, and mustard visible and a bordered repeating motif.","cream, navy blue, and mustard","bordered repeating motif","NEEDS_REVIEW","NEEDS_REVIEW","NEEDS_REVIEW","NEEDS_REVIEW","NEEDS_REVIEW","false","false","MEDIUM","YES","Exact product type, fiber, and commercial details need owner review."
"PWT-059","pwt-img-063.webp","pwt-img-063.webp","textiles","scarf or stole","Unverified black, red, and gray scarf or stole","Photograph shows a scarf or stole with black, red, and gray visible and a color-blocked with fringe.","black, red, and gray","color-blocked with fringe","NEEDS_REVIEW","NEEDS_REVIEW","NEEDS_REVIEW","NEEDS_REVIEW","NEEDS_REVIEW","false","false","HIGH","YES","Narrow textile form and/or fringe are visible; material and dimensions need owner review."
"PWT-060","pwt-img-064.webp","pwt-img-064.webp","other","stack of folded textile items","Unverified pink, navy, teal, olive, and red stack of folded textile items","Photograph shows a stack of folded textile items with pink, navy, teal, olive, and red visible and a plain/color-blocked folded surfaces.","pink, navy, teal, olive, and red","plain/color-blocked folded surfaces","NEEDS_REVIEW","NEEDS_REVIEW","NEEDS_REVIEW","NEEDS_REVIEW","NEEDS_REVIEW","false","false","HIGH","YES","Several separate folded items are visible; product grouping and intended use need owner review."
"PWT-061","pwt-img-065.webp","pwt-img-065.webp","handbags","handbag","Unverified brown and black handbag","Photograph shows a handbag with brown and black visible and a patterned textile or plain surface.","brown and black","patterned textile or plain surface","NEEDS_REVIEW","NEEDS_REVIEW","NEEDS_REVIEW","NEEDS_REVIEW","NEEDS_REVIEW","false","false","MEDIUM","YES","Bag structure and handles are visible; material and product details need owner review."
"PWT-062","pwt-img-066.webp","pwt-img-066.webp","sarees","folded saree-like textile","Unverified cream, gray, brown, and black folded saree-like textile","Photograph shows a folded saree-like textile with cream, gray, brown, and black visible and a zigzag geometric pattern.","cream, gray, brown, and black","zigzag geometric pattern","NEEDS_REVIEW","NEEDS_REVIEW","NEEDS_REVIEW","NEEDS_REVIEW","NEEDS_REVIEW","false","false","MEDIUM","YES","Exact product type, fiber, and commercial details need owner review."
"PWT-063","pwt-img-067.webp","pwt-img-067.webp","sarees","folded saree-like textile","Unverified navy blue, purple, and red folded saree-like textile","Photograph shows a folded saree-like textile with navy blue, purple, and red visible and a small repeating motif.","navy blue, purple, and red","small repeating motif","NEEDS_REVIEW","NEEDS_REVIEW","NEEDS_REVIEW","NEEDS_REVIEW","NEEDS_REVIEW","false","false","MEDIUM","YES","Exact product type, fiber, and commercial details need owner review."
"PWT-064","pwt-img-068.webp,pwt-img-070.webp","pwt-img-068.webp","sarees","saree-like textile, repeated views","Unverified lime green and mauve saree-like textile, repeated views","Photograph shows a saree-like textile, repeated views with lime green and mauve visible and a small repeating motif with contrasting border.","lime green and mauve","small repeating motif with contrasting border","NEEDS_REVIEW","NEEDS_REVIEW","NEEDS_REVIEW","NEEDS_REVIEW","NEEDS_REVIEW","false","false","HIGH","YES","The two photographs show the same apparent textile and folded arrangement; owner should confirm the grouping."
"PWT-065","pwt-img-069.webp","pwt-img-069.webp","sarees","folded saree-like textile","Unverified navy blue, purple, and red folded saree-like textile","Photograph shows a folded saree-like textile with navy blue, purple, and red visible and a small repeating motif.","navy blue, purple, and red","small repeating motif","NEEDS_REVIEW","NEEDS_REVIEW","NEEDS_REVIEW","NEEDS_REVIEW","NEEDS_REVIEW","false","false","MEDIUM","YES","Exact product type, fiber, and commercial details need owner review."
"PWT-066","pwt-img-071.webp","pwt-img-071.webp","home-textiles","decorative rectangular textile","Unverified teal, black, and cream decorative rectangular textile","Photograph shows a decorative rectangular textile with teal, black, and cream visible and a bordered geometric pattern.","teal, black, and cream","bordered geometric pattern","NEEDS_REVIEW","NEEDS_REVIEW","NEEDS_REVIEW","NEEDS_REVIEW","NEEDS_REVIEW","false","false","MEDIUM","YES","The rectangular format and decorative border are visible, but intended use needs review."
"PWT-067","pwt-img-072.webp","pwt-img-072.webp","sarees","folded saree-like textile","Unverified maroon, brown, and pink folded saree-like textile","Photograph shows a folded saree-like textile with maroon, brown, and pink visible and a repeating motif with border.","maroon, brown, and pink","repeating motif with border","NEEDS_REVIEW","NEEDS_REVIEW","NEEDS_REVIEW","NEEDS_REVIEW","NEEDS_REVIEW","false","false","MEDIUM","YES","Exact product type, fiber, and commercial details need owner review."
"PWT-068","pwt-img-073.webp","pwt-img-073.webp","textiles","textile detail photograph","Unverified cream, yellow, and brown textile detail photograph","Photograph shows a textile detail photograph with cream, yellow, and brown visible and a close-up woven border/detail.","cream, yellow, and brown","close-up woven border/detail","NEEDS_REVIEW","NEEDS_REVIEW","NEEDS_REVIEW","NEEDS_REVIEW","NEEDS_REVIEW","false","false","HIGH","YES","This appears to be a close-up/detail photograph rather than a clearly separate product; grouping needs owner review."
"PWT-069","pwt-img-074.webp","pwt-img-074.webp","sarees","folded saree-like textile","Unverified dark green, black, and mustard folded saree-like textile","Photograph shows a folded saree-like textile with dark green, black, and mustard visible and a small repeating motif.","dark green, black, and mustard","small repeating motif","NEEDS_REVIEW","NEEDS_REVIEW","NEEDS_REVIEW","NEEDS_REVIEW","NEEDS_REVIEW","false","false","MEDIUM","YES","Exact product type, fiber, and commercial details need owner review."
"PWT-070","pwt-img-075.webp","pwt-img-075.webp","sarees","folded saree-like textile","Unverified cream, red, blue, and mustard folded saree-like textile","Photograph shows a folded saree-like textile with cream, red, blue, and mustard visible and a multicolor striped border.","cream, red, blue, and mustard","multicolor striped border","NEEDS_REVIEW","NEEDS_REVIEW","NEEDS_REVIEW","NEEDS_REVIEW","NEEDS_REVIEW","false","false","MEDIUM","YES","Exact product type, fiber, and commercial details need owner review."
"PWT-071","pwt-img-076.webp","pwt-img-076.webp","handbags","handbag","Unverified maroon and brown handbag","Photograph shows a handbag with maroon and brown visible and a patterned textile or plain surface.","maroon and brown","patterned textile or plain surface","NEEDS_REVIEW","NEEDS_REVIEW","NEEDS_REVIEW","NEEDS_REVIEW","NEEDS_REVIEW","false","false","MEDIUM","YES","Bag structure and handles are visible; material and product details need owner review."
"PWT-072","pwt-img-077.webp","pwt-img-077.webp","handbags","handbag","Unverified black and gray handbag","Photograph shows a handbag with black and gray visible and a patterned textile or plain surface.","black and gray","patterned textile or plain surface","NEEDS_REVIEW","NEEDS_REVIEW","NEEDS_REVIEW","NEEDS_REVIEW","NEEDS_REVIEW","false","false","MEDIUM","YES","Bag structure and handles are visible; material and product details need owner review."
"PWT-073","pwt-img-078.webp","pwt-img-078.webp","sarees","folded saree-like textile","Unverified red and green folded saree-like textile","Photograph shows a folded saree-like textile with red and green visible and a bordered woven motif.","red and green","bordered woven motif","NEEDS_REVIEW","NEEDS_REVIEW","NEEDS_REVIEW","NEEDS_REVIEW","NEEDS_REVIEW","false","false","MEDIUM","YES","Exact product type, fiber, and commercial details need owner review."
"PWT-074","pwt-img-079.webp","pwt-img-079.webp","sarees","folded saree-like textile","Unverified maroon, mustard, and orange folded saree-like textile","Photograph shows a folded saree-like textile with maroon, mustard, and orange visible and a repeating motif with border.","maroon, mustard, and orange","repeating motif with border","NEEDS_REVIEW","NEEDS_REVIEW","NEEDS_REVIEW","NEEDS_REVIEW","NEEDS_REVIEW","false","false","MEDIUM","YES","Exact product type, fiber, and commercial details need owner review."
"PWT-075","pwt-img-080.webp","pwt-img-080.webp","sarees","folded saree-like textile","Unverified brown, black, and peach folded saree-like textile","Photograph shows a folded saree-like textile with brown, black, and peach visible and a large geometric motif.","brown, black, and peach","large geometric motif","NEEDS_REVIEW","NEEDS_REVIEW","NEEDS_REVIEW","NEEDS_REVIEW","NEEDS_REVIEW","false","false","MEDIUM","YES","Exact product type, fiber, and commercial details need owner review."
"PWT-076","pwt-img-081.webp","pwt-img-081.webp","sarees","folded saree-like textile","Unverified cream, blue, mustard, and brown folded saree-like textile","Photograph shows a folded saree-like textile with cream, blue, mustard, and brown visible and a bordered geometric motif.","cream, blue, mustard, and brown","bordered geometric motif","NEEDS_REVIEW","NEEDS_REVIEW","NEEDS_REVIEW","NEEDS_REVIEW","NEEDS_REVIEW","false","false","MEDIUM","YES","Exact product type, fiber, and commercial details need owner review."
"PWT-077","pwt-img-082.webp","pwt-img-082.webp","textiles","scarf or stole","Unverified black and magenta scarf or stole","Photograph shows a scarf or stole with black and magenta visible and a small fringed textile.","black and magenta","small fringed textile","NEEDS_REVIEW","NEEDS_REVIEW","NEEDS_REVIEW","NEEDS_REVIEW","NEEDS_REVIEW","false","false","HIGH","YES","Narrow textile form and/or fringe are visible; material and dimensions need owner review."
"PWT-078","pwt-img-083.webp","pwt-img-083.webp","sarees","folded saree-like textile","Unverified peach, orange, and brown folded saree-like textile","Photograph shows a folded saree-like textile with peach, orange, and brown visible and a large geometric motif.","peach, orange, and brown","large geometric motif","NEEDS_REVIEW","NEEDS_REVIEW","NEEDS_REVIEW","NEEDS_REVIEW","NEEDS_REVIEW","false","false","MEDIUM","YES","Exact product type, fiber, and commercial details need owner review."
"PWT-079","pwt-img-084.webp","pwt-img-084.webp","sarees","folded saree-like textile","Unverified cream and navy blue folded saree-like textile","Photograph shows a folded saree-like textile with cream and navy blue visible and a large geometric motif with border.","cream and navy blue","large geometric motif with border","NEEDS_REVIEW","NEEDS_REVIEW","NEEDS_REVIEW","NEEDS_REVIEW","NEEDS_REVIEW","false","false","MEDIUM","YES","Exact product type, fiber, and commercial details need owner review."
"PWT-080","pwt-img-085.webp","pwt-img-085.webp","sarees","folded saree-like textile","Unverified purple and magenta folded saree-like textile","Photograph shows a folded saree-like textile with purple and magenta visible and a bordered woven motif.","purple and magenta","bordered woven motif","NEEDS_REVIEW","NEEDS_REVIEW","NEEDS_REVIEW","NEEDS_REVIEW","NEEDS_REVIEW","false","false","MEDIUM","YES","Exact product type, fiber, and commercial details need owner review."
"PWT-081","pwt-img-086.webp","pwt-img-086.webp","sarees","folded saree-like textile","Unverified dark green folded saree-like textile","Photograph shows a folded saree-like textile with dark green visible and a small repeating motif.","dark green","small repeating motif","NEEDS_REVIEW","NEEDS_REVIEW","NEEDS_REVIEW","NEEDS_REVIEW","NEEDS_REVIEW","false","false","MEDIUM","YES","Exact product type, fiber, and commercial details need owner review."
"PWT-082","pwt-img-087.webp","pwt-img-087.webp","sarees","folded saree-like textile","Unverified navy blue and cream folded saree-like textile","Photograph shows a folded saree-like textile with navy blue and cream visible and a repeating geometric motif.","navy blue and cream","repeating geometric motif","NEEDS_REVIEW","NEEDS_REVIEW","NEEDS_REVIEW","NEEDS_REVIEW","NEEDS_REVIEW","false","false","MEDIUM","YES","Exact product type, fiber, and commercial details need owner review."
"PWT-083","pwt-img-088.webp","pwt-img-088.webp","sarees","folded saree-like textile","Unverified maroon and orange folded saree-like textile","Photograph shows a folded saree-like textile with maroon and orange visible and a repeating geometric motif.","maroon and orange","repeating geometric motif","NEEDS_REVIEW","NEEDS_REVIEW","NEEDS_REVIEW","NEEDS_REVIEW","NEEDS_REVIEW","false","false","MEDIUM","YES","Exact product type, fiber, and commercial details need owner review."
"PWT-084","pwt-img-089.webp","pwt-img-089.webp","handbags","handbag","Unverified black and purple handbag","Photograph shows a handbag with black and purple visible and a patterned textile or plain surface.","black and purple","patterned textile or plain surface","NEEDS_REVIEW","NEEDS_REVIEW","NEEDS_REVIEW","NEEDS_REVIEW","NEEDS_REVIEW","false","false","MEDIUM","YES","Bag structure and handles are visible; material and product details need owner review."
"PWT-085","pwt-img-090.webp","pwt-img-090.webp","handbags","handbag","Unverified cream, green, and orange handbag","Photograph shows a handbag with cream, green, and orange visible and a patterned textile or plain surface.","cream, green, and orange","patterned textile or plain surface","NEEDS_REVIEW","NEEDS_REVIEW","NEEDS_REVIEW","NEEDS_REVIEW","NEEDS_REVIEW","false","false","MEDIUM","YES","Bag structure and handles are visible; material and product details need owner review."
"PWT-086","pwt-img-091.webp","pwt-img-091.webp","handbags","handbag","Unverified light blue and black handbag","Photograph shows a handbag with light blue and black visible and a patterned textile or plain surface.","light blue and black","patterned textile or plain surface","NEEDS_REVIEW","NEEDS_REVIEW","NEEDS_REVIEW","NEEDS_REVIEW","NEEDS_REVIEW","false","false","MEDIUM","YES","Bag structure and handles are visible; material and product details need owner review."
"PWT-087","pwt-img-092.webp","pwt-img-092.webp","other","stack of folded textile items","Unverified brown, olive, red, and cream stack of folded textile items","Photograph shows a stack of folded textile items with brown, olive, red, and cream visible and a plain/color-blocked folded surfaces.","brown, olive, red, and cream","plain/color-blocked folded surfaces","NEEDS_REVIEW","NEEDS_REVIEW","NEEDS_REVIEW","NEEDS_REVIEW","NEEDS_REVIEW","false","false","HIGH","YES","Several separate folded items are visible; product grouping and intended use need owner review."
"PWT-088","pwt-img-093.webp","pwt-img-093.webp","other","folded packaged textile","Unverified dark green folded packaged textile","Photograph shows a folded packaged textile with dark green visible and a small repeating motif.","dark green","small repeating motif","NEEDS_REVIEW","NEEDS_REVIEW","NEEDS_REVIEW","NEEDS_REVIEW","NEEDS_REVIEW","false","false","MEDIUM","YES","Packaging and the intended product type are not certain from the photograph."
"PWT-089","pwt-img-094.webp","pwt-img-094.webp","handbags","handbag","Unverified red handbag","Photograph shows a handbag with red visible and a patterned textile or plain surface.","red","patterned textile or plain surface","NEEDS_REVIEW","NEEDS_REVIEW","NEEDS_REVIEW","NEEDS_REVIEW","NEEDS_REVIEW","false","false","MEDIUM","YES","Bag structure and handles are visible; material and product details need owner review."
"PWT-090","pwt-img-095.webp","pwt-img-095.webp","textiles","scarf or stole","Unverified navy blue, cream, and multicolor scarf or stole","Photograph shows a scarf or stole with navy blue, cream, and multicolor visible and a striped with fringe.","navy blue, cream, and multicolor","striped with fringe","NEEDS_REVIEW","NEEDS_REVIEW","NEEDS_REVIEW","NEEDS_REVIEW","NEEDS_REVIEW","false","false","HIGH","YES","Narrow textile form and/or fringe are visible; material and dimensions need owner review."
"PWT-091","pwt-img-096.webp","pwt-img-096.webp","textiles","folded fringed textile","Unverified red, black, and cream folded fringed textile","Photograph shows a folded fringed textile with red, black, and cream visible and a color-blocked with fringe.","red, black, and cream","color-blocked with fringe","NEEDS_REVIEW","NEEDS_REVIEW","NEEDS_REVIEW","NEEDS_REVIEW","NEEDS_REVIEW","false","false","HIGH","YES","The textile form and fringe are visible; exact product type needs review."
"PWT-092","pwt-img-097.webp","pwt-img-097.webp","other","folded packaged textile","Unverified brown and cream folded packaged textile","Photograph shows a folded packaged textile with brown and cream visible and a small repeating motif.","brown and cream","small repeating motif","NEEDS_REVIEW","NEEDS_REVIEW","NEEDS_REVIEW","NEEDS_REVIEW","NEEDS_REVIEW","false","false","MEDIUM","YES","Packaging and the intended product type are not certain from the photograph."
"PWT-093","pwt-img-098.webp","pwt-img-098.webp","textiles","assorted folded textiles","Unverified gray, mustard, navy, and multicolor assorted folded textiles","Photograph shows a assorted folded textiles with gray, mustard, navy, and multicolor visible and a mixed stripes and motifs.","gray, mustard, navy, and multicolor","mixed stripes and motifs","NEEDS_REVIEW","NEEDS_REVIEW","NEEDS_REVIEW","NEEDS_REVIEW","NEEDS_REVIEW","false","false","HIGH","YES","The photograph shows multiple separate folded textiles; it is not treated as one product."
"PWT-094","pwt-img-099.webp,pwt-img-100.webp","pwt-img-099.webp","sarees","saree-like textile, repeated views","Unverified navy blue, gray, pink, and black saree-like textile, repeated views","Photograph shows a saree-like textile, repeated views with navy blue, gray, pink, and black visible and a small repeating motif with contrasting border.","navy blue, gray, pink, and black","small repeating motif with contrasting border","NEEDS_REVIEW","NEEDS_REVIEW","NEEDS_REVIEW","NEEDS_REVIEW","NEEDS_REVIEW","false","false","HIGH","YES","The two photographs show the same apparent textile pattern and folded arrangement; owner should confirm the grouping."
"PWT-095","pwt-img-101.webp","pwt-img-101.webp","other","stack of packaged textile items","Unverified red, blue, black, and green stack of packaged textile items","Photograph shows a stack of packaged textile items with red, blue, black, and green visible and a mixed folded surfaces.","red, blue, black, and green","mixed folded surfaces","NEEDS_REVIEW","NEEDS_REVIEW","NEEDS_REVIEW","NEEDS_REVIEW","NEEDS_REVIEW","false","false","HIGH","YES","Several separate packaged items are visible; product grouping and intended use need owner review."
"PWT-096","pwt-img-102.webp","pwt-img-102.webp","other","assorted textile items","Unverified olive, teal, navy, pink, and red assorted textile items","Photograph shows a assorted textile items with olive, teal, navy, pink, and red visible and a mixed folded surfaces.","olive, teal, navy, pink, and red","mixed folded surfaces","NEEDS_REVIEW","NEEDS_REVIEW","NEEDS_REVIEW","NEEDS_REVIEW","NEEDS_REVIEW","false","false","HIGH","YES","Several separate items are visible; product grouping and intended use need owner review."
"PWT-097","pwt-img-103.webp","pwt-img-103.webp","sarees","folded saree-like textile","Unverified dark teal and green folded saree-like textile","Photograph shows a folded saree-like textile with dark teal and green visible and a small repeating motif.","dark teal and green","small repeating motif","NEEDS_REVIEW","NEEDS_REVIEW","NEEDS_REVIEW","NEEDS_REVIEW","NEEDS_REVIEW","false","false","MEDIUM","YES","Exact product type, fiber, and commercial details need owner review."
"PWT-098","pwt-img-104.webp","pwt-img-104.webp","other","stack of folded textile items","Unverified gray, olive, navy, red, and cream stack of folded textile items","Photograph shows a stack of folded textile items with gray, olive, navy, red, and cream visible and a mixed folded surfaces.","gray, olive, navy, red, and cream","mixed folded surfaces","NEEDS_REVIEW","NEEDS_REVIEW","NEEDS_REVIEW","NEEDS_REVIEW","NEEDS_REVIEW","false","false","HIGH","YES","Several separate folded items are visible; product grouping and intended use need owner review."
"PWT-099","pwt-img-105.webp","pwt-img-105.webp","sarees","folded saree-like textile","Unverified mustard and brown folded saree-like textile","Photograph shows a folded saree-like textile with mustard and brown visible and a small repeating motif.","mustard and brown","small repeating motif","NEEDS_REVIEW","NEEDS_REVIEW","NEEDS_REVIEW","NEEDS_REVIEW","NEEDS_REVIEW","false","false","MEDIUM","YES","Exact product type, fiber, and commercial details need owner review."
"PWT-100","pwt-img-106.webp","pwt-img-106.webp","textiles","scarf or stole","Unverified maroon and cream scarf or stole","Photograph shows a scarf or stole with maroon and cream visible and a small repeating motif.","maroon and cream","small repeating motif","NEEDS_REVIEW","NEEDS_REVIEW","NEEDS_REVIEW","NEEDS_REVIEW","NEEDS_REVIEW","false","false","HIGH","YES","Narrow rectangular textile form is visible; exact product type, material, and dimensions need review."
"PWT-101","pwt-img-107.webp","pwt-img-107.webp","sarees","folded saree-like textile","Unverified maroon and cream folded saree-like textile","Photograph shows a folded saree-like textile with maroon and cream visible and a small repeating motif.","maroon and cream","small repeating motif","NEEDS_REVIEW","NEEDS_REVIEW","NEEDS_REVIEW","NEEDS_REVIEW","NEEDS_REVIEW","false","false","MEDIUM","YES","Exact product type, fiber, and commercial details need owner review."
"PWT-102","pwt-img-108.webp","pwt-img-108.webp","sarees","folded saree-like textile","Unverified maroon and cream folded saree-like textile","Photograph shows a folded saree-like textile with maroon and cream visible and a small repeating motif.","maroon and cream","small repeating motif","NEEDS_REVIEW","NEEDS_REVIEW","NEEDS_REVIEW","NEEDS_REVIEW","NEEDS_REVIEW","false","false","MEDIUM","YES","Exact product type, fiber, and commercial details need owner review."
"PWT-103","pwt-img-109.webp","pwt-img-109.webp","sarees","folded saree-like textile","Unverified navy blue and cream folded saree-like textile","Photograph shows a folded saree-like textile with navy blue and cream visible and a repeating geometric motif.","navy blue and cream","repeating geometric motif","NEEDS_REVIEW","NEEDS_REVIEW","NEEDS_REVIEW","NEEDS_REVIEW","NEEDS_REVIEW","false","false","MEDIUM","YES","Exact product type, fiber, and commercial details need owner review."
"PWT-104","pwt-img-110.webp","pwt-img-110.webp","sarees","folded saree-like textile","Unverified red and cream folded saree-like textile","Photograph shows a folded saree-like textile with red and cream visible and a repeating geometric motif.","red and cream","repeating geometric motif","NEEDS_REVIEW","NEEDS_REVIEW","NEEDS_REVIEW","NEEDS_REVIEW","NEEDS_REVIEW","false","false","MEDIUM","YES","Exact product type, fiber, and commercial details need owner review."
"PWT-105","pwt-img-111.webp","pwt-img-111.webp","sarees","folded saree-like textile","Unverified dark green and teal folded saree-like textile","Photograph shows a folded saree-like textile with dark green and teal visible and a small repeating motif.","dark green and teal","small repeating motif","NEEDS_REVIEW","NEEDS_REVIEW","NEEDS_REVIEW","NEEDS_REVIEW","NEEDS_REVIEW","false","false","MEDIUM","YES","Exact product type, fiber, and commercial details need owner review."

